Row,Col,Value(Real), Value(Imag)
0,0,0.148503973900187,-0.0546438272280955
0,1,-0.0205116274573173,0.0122316707805937
0,2,-0.0294704121073693,0.020835788431916
1,0,-0.0205116274573176,0.0122316707805933
1,1,0.0556136681275487,-0.0017771598203879
1,2,-0.0204384225371038,0.0131615773497454
2,0,-0.0294704121073695,0.0208357884319156
2,1,-0.0204384225371042,0.013161577349745
2,2,0.126296508800693,-0.0388554002779325
