Row,Col,Value(Real), Value(Imag)
0,0,6.94699596551991,1.53110356169601
0,1,3.71398855951107,-1.68688316129927
0,2,2.50728826412363,-0.677464289820364
1,0,3.71398855951109,-1.68688316129921
1,1,20.101067104214,-2.61737573520177
1,2,4.2505688604742,-2.21697535981118
2,0,2.50728826412365,-0.677464289820321
2,1,4.25056886047424,-2.21697535981111
2,2,8.46895823023865,1.23204207176235
